{"train_accuracy": 1.0, "test_accuracy": 0.5, "train_loss": 0.06062462181643462, "test_loss": 0.6931471805599453}